{
  "best_model": "ensemble_voting",
  "validation_results": {
    "enhanced_random_forest": {
      "needs": {
        "need_food": {
          "precision": 1.0,
          "recall": 0.625,
          "f1": 0.7692307692307693
        },
        "need_school_fees": {
          "precision": 1.0,
          "recall": 1.0,
          "f1": 1.0
        },
        "need_housing": {
          "precision": 0.9827586206896551,
          "recall": 1.0,
          "f1": 0.991304347826087
        },
        "need_economic": {
          "precision": 1.0,
          "recall": 0.9880952380952381,
          "f1": 0.9940119760479041
        },
        "need_family_support": {
          "precision": 1.0,
          "recall": 1.0,
          "f1": 1.0
        },
        "need_health": {
          "precision": 1.0,
          "recall": 0.45454545454545453,
          "f1": 0.625
        },
        "need_counseling": {
          "precision": 0.9333333333333333,
          "recall": 0.7368421052631579,
          "f1": 0.8235294117647058
        }
      },
      "priority": {
        "accuracy": 0.9207547169811321,
        "high_recall": 0.9130434782608695,
        "high_precision": 0.9333333333333333,
        "high_f1": 0.9230769230769231,
        "confusion_matrix": [
          [
            42,
            0,
            4
          ],
          [
            0,
            55,
            5
          ],
          [
            3,
            9,
            147
          ]
        ],
        "classification_report": {
          "high": {
            "precision": 0.9333333333333333,
            "recall": 0.9130434782608695,
            "f1-score": 0.9230769230769231,
            "support": 46.0
          },
          "low": {
            "precision": 0.859375,
            "recall": 0.9166666666666666,
            "f1-score": 0.8870967741935484,
            "support": 60.0
          },
          "medium": {
            "precision": 0.9423076923076923,
            "recall": 0.9245283018867925,
            "f1-score": 0.9333333333333333,
            "support": 159.0
          },
          "accuracy": 0.9207547169811321,
          "macro avg": {
            "precision": 0.9116720085470086,
            "recall": 0.9180794822714429,
            "f1-score": 0.9145023435346017,
            "support": 265.0
          },
          "weighted avg": {
            "precision": 0.9219726656990808,
            "recall": 0.9207547169811321,
            "f1-score": 0.9210843204269864,
            "support": 265.0
          }
        }
      },
      "dropout": {
        "accuracy": 0.9811320754716981,
        "precision": 0.9743589743589743,
        "recall": 0.9047619047619048,
        "f1": 0.9382716049382716,
        "auc": 0.9951953875720693,
        "confusion_matrix": [
          [
            222,
            1
          ],
          [
            4,
            38
          ]
        ]
      }
    },
    "gradient_boosting": {
      "needs": {
        "need_food": {
          "precision": 1.0,
          "recall": 0.8125,
          "f1": 0.896551724137931
        },
        "need_school_fees": {
          "precision": 1.0,
          "recall": 1.0,
          "f1": 1.0
        },
        "need_housing": {
          "precision": 1.0,
          "recall": 1.0,
          "f1": 1.0
        },
        "need_economic": {
          "precision": 1.0,
          "recall": 1.0,
          "f1": 1.0
        },
        "need_family_support": {
          "precision": 1.0,
          "recall": 1.0,
          "f1": 1.0
        },
        "need_health": {
          "precision": 0.875,
          "recall": 0.6363636363636364,
          "f1": 0.7368421052631579
        },
        "need_counseling": {
          "precision": 1.0,
          "recall": 0.8421052631578947,
          "f1": 0.9142857142857143
        }
      },
      "priority": {
        "accuracy": 0.9358490566037736,
        "high_recall": 0.9347826086956522,
        "high_precision": 0.9347826086956522,
        "high_f1": 0.9347826086956522,
        "confusion_matrix": [
          [
            43,
            0,
            3
          ],
          [
            0,
            58,
            2
          ],
          [
            3,
            9,
            147
          ]
        ],
        "classification_report": {
          "high": {
            "precision": 0.9347826086956522,
            "recall": 0.9347826086956522,
            "f1-score": 0.9347826086956522,
            "support": 46.0
          },
          "low": {
            "precision": 0.8656716417910447,
            "recall": 0.9666666666666667,
            "f1-score": 0.9133858267716536,
            "support": 60.0
          },
          "medium": {
            "precision": 0.9671052631578947,
            "recall": 0.9245283018867925,
            "f1-score": 0.9453376205787781,
            "support": 159.0
          },
          "accuracy": 0.9358490566037736,
          "macro avg": {
            "precision": 0.9225198378815306,
            "recall": 0.9419925257497038,
            "f1-score": 0.9311686853486947,
            "support": 265.0
          },
          "weighted avg": {
            "precision": 0.9385284352813884,
            "recall": 0.9358490566037736,
            "f1-score": 0.9362710614276413,
            "support": 265.0
          }
        }
      },
      "dropout": {
        "accuracy": 0.9886792452830189,
        "precision": 0.975609756097561,
        "recall": 0.9523809523809523,
        "f1": 0.963855421686747,
        "auc": 0.9990390775144138,
        "confusion_matrix": [
          [
            222,
            1
          ],
          [
            2,
            40
          ]
        ]
      }
    },
    "ensemble_voting": {
      "needs": {
        "need_food": {
          "precision": 1.0,
          "recall": 0.8125,
          "f1": 0.896551724137931
        },
        "need_school_fees": {
          "precision": 1.0,
          "recall": 1.0,
          "f1": 1.0
        },
        "need_housing": {
          "precision": 1.0,
          "recall": 1.0,
          "f1": 1.0
        },
        "need_economic": {
          "precision": 1.0,
          "recall": 1.0,
          "f1": 1.0
        },
        "need_family_support": {
          "precision": 1.0,
          "recall": 1.0,
          "f1": 1.0
        },
        "need_health": {
          "precision": 1.0,
          "recall": 0.8181818181818182,
          "f1": 0.9
        },
        "need_counseling": {
          "precision": 1.0,
          "recall": 0.7894736842105263,
          "f1": 0.8823529411764706
        }
      },
      "priority": {
        "accuracy": 0.939622641509434,
        "high_recall": 0.9130434782608695,
        "high_precision": 0.9545454545454546,
        "high_f1": 0.9333333333333333,
        "confusion_matrix": [
          [
            42,
            0,
            4
          ],
          [
            0,
            59,
            1
          ],
          [
            2,
            9,
            148
          ]
        ],
        "classification_report": {
          "high": {
            "precision": 0.9545454545454546,
            "recall": 0.9130434782608695,
            "f1-score": 0.9333333333333333,
            "support": 46.0
          },
          "low": {
            "precision": 0.8676470588235294,
            "recall": 0.9833333333333333,
            "f1-score": 0.921875,
            "support": 60.0
          },
          "medium": {
            "precision": 0.9673202614379085,
            "recall": 0.9308176100628931,
            "f1-score": 0.9487179487179487,
            "support": 159.0
          },
          "accuracy": 0.939622641509434,
          "macro avg": {
            "precision": 0.9298375916022975,
            "recall": 0.9423981405523653,
            "f1-score": 0.934642094017094,
            "support": 265.0
          },
          "weighted avg": {
            "precision": 0.9425352302155854,
            "recall": 0.939622641509434,